PCA1,PCA2
3.3604170044969326,0.7368851922857912
-2.9559366599104537,-0.08374800888667133
2.629127226736757,-0.4012008924751715
-2.5234413922541163,-0.7895742203983894
1.3000034360062458,0.5080512406870498
1.4614188566025332,0.918260132074943
2.0690053158637576,0.9371406264278218
-1.575361974671483,0.27089403677907054
-3.298661020648103,-0.3520020506699134
-5.659621197922144,0.7083050182209958
-3.775372207721411,-1.457737331666325
-3.2493426075715366,-0.9658687555965549
2.982058415255092,-1.6356924830685333
-0.32538425232864715,1.7417027590041334
-3.359621326147224,-1.6524317797980221
3.449379678559045,-0.20668532937451775
-2.09521522835154,0.48534757836624354
0.24603975822253962,0.4216960087587528
2.899450564891276,1.7537981167063177
-1.2385045426895367,-1.2627676419519478
0.29878770114791897,-0.6681780495948847
-3.81359507529849,-0.6007894543744585
-0.46519594238088346,2.315098864532222
0.9333446891413039,1.1610690236860157
0.3130184009041269,2.7740482752394198
-1.996963402663138,-0.552927364815418
-0.5949986248051995,1.434196696618511
-1.0871083419916852,-2.4916660738745904
-0.9604241027384472,-1.4820241464474737
3.0945576079313333,-1.2302119525506607
-3.429353532736651,-0.8621627003378439
0.7648928937274532,-1.3202674713464555
-2.4484730603767653,0.38172469647411766
0.6788702523812044,1.9337391968441349
2.6296044494997415,-0.2900101019720416
-2.751512811544097,0.24897203568533305
1.9309420691268406,1.382853422963628
-2.132495557802482,0.047878490987208394
-2.8242446263897634,-0.054491508590083226
2.428371732953925,0.7346063213830163
3.391937454110351,-0.270102178790545
-3.391237783325674,-0.1517182327590376
-3.9768012807534125,-1.1157658203100391
-0.19738781341169023,-1.2948023362540586
-3.897857102307593,-0.13425874871936394
3.1325465694910375,-2.3899036944062897
-2.3176289503441034,-0.7939780029779192
-2.578672246160003,-0.4778485339051535
-1.1436113152794203,0.7156506693405432
2.4335812000218757,2.7277282300561265
2.0681202319428387,-0.902404145693523
3.701215921472838,-0.6258884218508266
-2.453560784581578,-0.6345048921750538
4.0601786311819295,-2.0051914680170038
1.659698171987759,1.3226687287340857
4.55407898472856,-1.4742133748195392
3.284498890765064,-1.0675387439283281
-3.301862895687881,-1.8430433275261389
-2.5360374060856214,-0.5858139785843777
-0.5557520834485178,2.4172340031213753
3.3123716734507798,-1.8654206061096548
1.3358376227724247,0.5204013323037012
2.062296561214378,2.173525275930507
0.11793640864376945,1.1351313345522525
2.770307340419775,-0.5795694984999769
-3.2274338387890955,-1.260316464553112
-4.84549931940369,-0.5474801293074391
3.409845922470994,-0.023421575801246097
2.3476596036529966,-0.16073464350197522
2.3019176823484484,1.3627422368255924
2.848091821097827,-0.1691937414059104
-1.5705690487094712,0.42109750113731237
3.1708306382969043,1.6980120834821602
0.3509841036787013,2.5306376576707854
-1.1756959646018632,-1.4957364127297197
-4.020672105064553,-1.4262384534846202
2.8276036238930193,-0.5915474938190219
3.8611815216301393,-1.9980991205107577
-4.032250131931803,-2.124786575797116
-0.22527628018032667,2.073118199950986
-1.305886938118097,0.5465615093531596
-4.181882835797169,-0.9337093533609809
-2.4554405304167606,0.5905230171620953
3.350652009371419,-2.2225908655885136
-2.5277627807412375,-0.13400490002776022
-2.494428044876163,2.0300641044691257
-0.2630813506695115,2.14384087245049
3.7743263355850067,-1.490634317812145
-0.5067304690512443,-0.8982687990725952
1.6145472241000176,3.099132651281002
-3.8772699336462955,-0.4036572667453918
2.4119565233832243,-2.134477342227597
-3.37055785104537,-0.7349620095803288
-3.237599082420418,0.48040728467543037
-2.666894141101402,-1.4133199517503194
-0.22835471812091032,2.9239802463182496
-3.0214981215549033,0.37286065993290995
2.986680276650296,-0.31192034739849395
1.3429677808672147,-0.6928361025220924
-2.6433375123619642,0.6311561788044927
-2.9617477596124093,0.5414829040236563
3.7021031634375374,0.12319270059775572
2.8770648596784176,-0.2308952246668734
3.224874050861717,-1.8363495102132377
-3.5886909970397656,-1.5774887421714192
-1.4928592364892008,1.723365862505128
2.990610323493822,1.234048918214072
-1.41019509869975,0.036592108584673544
2.4048423760681525,-1.1108575972461177
3.2625117108713213,-0.7101155761300447
2.1406388629992272,-0.2681717150781331
-0.4231598004327326,2.470971873872311
2.7065371869284665,-1.3596177240100107
-0.4304626347705125,2.303353577444899
-1.9567559301400825,0.6855448781289192
3.716713549828766,-3.0691458810915457
1.3544970329474357,0.9703162859330302
-2.132815800411478,-0.2134739693876574
-3.166139880458402,-0.7944582001605924
2.4070276187909836,1.1252713059497799
-2.121256192721043,0.2692013814039003
-3.893983120025571,-0.6254882992036648
-3.2855069516007904,-1.0580706785617469
3.82371286939592,-2.16700777697111
2.5416990164831015,-1.1308517829587437
2.937164556824539,-1.9927538649515215
-2.7185323628298996,1.01898480809733
-0.5701220466252925,1.9075329077052308
1.6903972293563427,1.483046377658256
2.0438054918507143,1.0268757318880235
2.6924563826879173,-0.5394070724234747
2.7154047325335795,-0.3418934436466987
-1.3439679940978104,2.597910337961809
2.1949336462344227,-0.9345308680878747
-4.350024657796045,-0.8516051026212529
-2.4122479939794084,1.3541253219828047
-3.001280901669967,0.41560017454277975
3.4263534979697883,-1.8470636784377574
1.1105785828394579,0.724339473806191
3.6269244296985295,-0.8259096061014232
2.3446360757240625,1.091892294420603
0.1825722879279751,-0.3816226091188323
1.425839678536369,0.9279133374096039
-2.572650083116589,-1.277482632881728
-3.9342271266547133,-1.010017244551888
-1.1087266508431455,2.175372235508928
-0.39956315114850066,-1.4969442022105603
1.5346019571295844,-0.15878975888135094
0.893551315704853,1.435171512233242
0.7137391927530023,1.4951467176675748
0.7474486255072088,2.324846762460121
2.6657264726625898,0.20237116443610226
-0.280262809279681,1.2583972670541952
-3.8569928929034796,-1.5117613359159487
-0.03321170643150955,-1.988844978537049
3.3872279269291323,-1.5611051154748812
-4.5553367255551205,-0.23721800434375467
2.8182208925102796,1.3314782776685519
-2.162299753909711,0.552046159297737
2.1883100077183015,-0.8774806399093692
-0.5172562479159158,-0.5888991923305407
-1.9932718098948743,0.7057392890222215
1.9592408936717738,-0.8358708344496518
-0.6395427223195921,-0.30706647965769746
3.2450696982298672,-2.667938168797944
-1.4637774457984878,0.19371454401985505
-3.052043204568515,-0.13692723197330253
-2.5678840871306847,-0.5209621370183106
-1.3115126017657006,-0.33677528899205733
-2.636120418361969,0.7552005693237968
-1.9578002095744944,-0.15962144577565612
3.608168450034383,-0.015819381986552028
3.6375597645848496,-0.08293507986932243
-3.4875513389912443,0.6553086241688962
-4.157445813721012,-1.7211256608157979
-1.000525533178213,-0.1489424178980371
-2.5205656582769955,-0.6056563482478458
3.190428734012611,-0.22148560932775158
-3.1945736448098723,-0.8269198876567907
-2.6639311331419155,-1.0735139633055826
-3.037980908565917,-1.2318643788220274
-3.734143003353877,0.11194516262292065
1.014893472924581,1.1866710859800138
3.4509040058375304,-1.627335107161326
-2.765238201678606,0.599696812736123
-2.9267481558723554,-1.5119472692414524
3.727054657526012,-1.1413320822678195
-1.799600748023829,-0.22864827273207064
-1.945948379157291,-0.3810463144677113
-0.14065242381959117,1.2882995121577037
-3.4486819677518614,-0.10016031656991861
2.0309113699841146,-0.7091944914816858
3.0985301411118145,-1.0208218055065048
3.404414626046194,-1.0212506159479329
-0.8878864597402715,2.2410186712627573
0.6881013701345043,1.8322930950694447
3.55087885002707,-1.8086437056896716
3.170139196819011,0.9653306545916395
3.621581699965365,-1.5832986771496618
-3.639994129050362,0.44756675413875613
-3.7222329671668533,-2.1227325016433585
-2.845350188979137,-1.4504834460404004
0.5354464280126894,1.413949815740163
-3.1007308733720627,0.08355272910452868
3.187933482389037,2.4725281741117966
0.22348598417088986,0.7654190052638256
3.1078352413433064,-1.4571488373858252
-1.7578648412521527,3.144876753544438
0.20257981183984014,2.9813129027224914
2.9921260925001563,-2.3150713650279156
0.7060974850926335,1.7628955793170027
-4.4277089217459595,-0.5491301608231025
3.2237403649538585,-0.1923093841014338
-0.915355146834032,1.587122497314673
2.6711435507981087,0.5371051697475807
-1.2025214430385505,-2.0789870310644587
2.4778672788692018,-1.849448891289717
1.3867858221855383,0.8886267272929064
-2.2969547723184913,1.3734138184672213
2.7406301100771135,2.2995134993115744
-1.7669518090621952,1.3358211431869376
0.3840590961605638,1.3411107808097853
0.5238366471546918,1.9769633554175123
3.139592383843003,-1.566557377081398
-4.358733799938576,-1.3431193348236627
0.29094492143878187,2.580847560423983
2.5597895757410067,-0.26940256627820414
-3.6497040305455988,-1.0915351554628594
-3.7632832508999328,-1.6119227766878605
2.6815335781941982,1.3218440657173183
-2.2315145057204093,-0.5710603229883086
-4.459681187913171,-0.8371842502445846
1.7145973230632072,-0.14189426590561072
-2.857661674541099,0.35844679825670805
-3.142511178537749,-0.3770015763300486
3.6710364019749964,-0.9539037952527015
2.7750351499049186,-0.25308269460809363
-3.9640235819001814,-0.5374030192546971
3.525410763792959,-2.023836471962004
1.4913802473886482,3.4769643541634143
-4.185994587153613,0.23343875207956905
1.797974072525939,0.6200100147608394
2.9310381933704153,0.9060227953421837
3.4871413497831534,-1.5953442962226272
3.0015084435668906,1.3265284337099708
-2.5999195375218735,-0.06532984842689699
-3.6005923605441272,-0.9047882363039704
4.227309937071851,-1.3408020725130694
-0.07368603024873674,-0.16673009239631414
2.4831442527503995,1.6270412604135522
-4.01605664584837,-0.18570965652503624
1.469624009437781,1.52950815886817
1.027115264343525,0.20764744212268588
-2.754416884988346,0.47035821059908567
-4.386603291097891,0.013502536868917336
-3.6729282427152095,-0.8853055451957191
1.6226781986099486,1.9242245016384514
-0.23962657439642618,0.7739555543335555
-3.840296071568807,-0.7964477784705484
-0.6932583268929515,2.6048214687608
-1.6877101430046615,1.2645980441059725
3.9789169941615548,-1.842745540625021
-1.6878648496199058,1.6231051306793152
3.1289909415292247,-2.2320910007537194
-2.151941622214609,-0.4601222477448601
2.7397678364763465,0.15934599849193087
-2.2856564269512156,-0.16673671369253862
-0.6927910465843067,0.5209859871099513
-2.4370956860180453,0.7312252249021342
-1.8556876133100055,0.6574643279882764
1.5794218380891396,0.7531871259548621
3.3025312894837735,0.17543200089944633
2.238148060768444,-2.6537662364380767
2.246232846102798,-2.013139208799671
2.04348794669601,0.765456078183863
-1.8088320442242458,-0.46120673726988537
1.5320354749233676,-0.6667703188719996
-3.3889731169594977,0.22209126948675717
-1.9947061142928812,-0.6883594799981898
3.5631819595825807,-0.7113562641351304
2.577762980731911,2.7526765998682152
3.5149879757977556,-1.3462125508345109
-0.14208539023563396,1.9163323512012735
-2.9131549713514935,-1.290444337514102
-1.372799623101728,0.48855690941841945
3.3858437559134766,-1.3977010981741613
-2.907052680224084,0.5208961789750711
-3.9317230021340155,-1.0247697617601008
0.6950982911850168,2.2568819024336357
-3.176257762951398,-1.5704235115509437
-2.3669370760228046,-0.4772380254855638
2.2032655884525427,-2.410693618694582
0.4400464142509689,2.963857231679297
-2.2257299295486046,1.2717470912019584
1.2512635914268166,1.0619458027093565
-2.2813525051466397,-1.1483077394155403
-0.07132657246175089,0.17672304026346425
-2.3893811071262947,0.2510968213505976
3.7623549649313115,-1.1415550501539933
-1.7580825959488016,-1.0140908168448675
2.5601402613610444,-1.4328755456333466
-0.5812424422967228,1.491079567251023
-0.40294595124590493,-1.2712355100596926
-2.6338910928179735,0.20707080700342628
-3.8568683010081677,0.5291032400637672
3.3007837851098327,-1.255945683225232
3.1727194800619376,-1.0332386814573478
-0.9461026546371955,1.7364321400199771
-3.7288741653124893,0.5570842155589442
-2.0308812426051914,0.5617975467656496
1.3833673991898765,-0.9927400575070012
-3.3534837984704957,0.12318174956125522
1.545957474753744,1.506386349304659
2.1604044437838783,0.06881795865036514
-3.3732673147776526,-1.2512810720619063
-4.235880935146795,-0.2771282046084373
2.4966614388663877,2.04031797557176
1.2552229370533996,2.573103030707383
2.238416602987166,-0.34387110725326697
-2.985141381898961,0.44519304830249695
-3.810266285119324,-1.0764402963913127
-3.734871635478719,-0.24815752727085968
-1.2945773428369343,0.4412320105239248
-4.143678846820856,-1.1253006419965992
-2.3871284153948573,-1.712651857594071
0.752903048200305,1.8025254181031243
-2.760202846738476,-0.7341278456797478
-3.502593337542696,-0.21189528234131455
3.3011668704951136,-0.3725382297367882
3.3566916059804424,-0.6028564887996926
-2.7447688101570566,-0.8946801322930809
3.617032111128197,-0.5291810857592176
3.927335379637042,-1.081859181503579
3.0461073313328484,-1.5957279202049222
-0.8783106066416401,-1.4234247610154633
-0.3244830960855431,2.3972126041916084
1.4385250392440334,0.23097863322537276
-4.229563865261947,-1.1194167955919763
3.177184908809083,-2.024971268813779
-3.534616286887044,0.33480659969091564
3.530308226510604,-2.1380441857316344
-2.9351171606844084,0.5291105092417958
-4.313623421107896,-0.8349040133723586
2.354075706558262,1.1872086487888187
3.286361791842234,-0.4298469539089792
1.441816730398797,-0.21772994372271331
2.563986684842787,-1.676904606553904
0.02541084672119294,2.7345213181194374
-2.9600360439289797,0.2067827218438842
-2.498383385724412,0.4716791549295668
3.315200211888748,-1.9513312929214965
1.3824938110949088,-0.40857548421831485
1.0797611081885317,0.8845681618015734
4.125756704376708,-1.192963546182825
0.14448971401369912,1.9210295861637383
-2.0144004642344218,-0.4680286654992777
0.8337765157572029,2.4340974748656468
1.4863674841865142,0.7401282040115443
2.944062830850967,-0.807279410347544
-2.6287548317812988,-0.6472604932839428
3.4373179716944087,-0.934341380826739
0.49589456906032875,0.8369696909506116
-3.3458209924904296,-1.417270227313049
-0.6877048184711588,2.0880434156937153
-3.1145017433535775,-1.3173340252477144
2.0307347763128276,1.8443047721837624
-2.4208635924477604,0.7243448370578612
-2.240739267476327,1.6474536569054181
-2.528307254447666,-1.1265555917288355
-3.371771610316095,-1.6687763568304241
2.361479372683027,0.7322199448223805
-2.7473204868980274,-1.2578333336024783
-4.586581062544553,-0.4408067838886517
-4.30483016689497,-1.799692896412191
0.5100041612838215,0.506054229870761
-4.1252957032260245,-1.9272633459318005
-3.136154955373305,-0.6784841381318366
0.4511332453415513,1.633124935835804
3.261227400000545,0.5751201723199653
-1.7395878416174149,0.14839566601537357
1.9584227370653784,0.7442704814429456
3.881816487999804,-2.896967400651698
-0.7467561078245608,-0.3011574783406903
3.131226582612623,-2.2453251031147516
-0.2615698846923133,0.2101040183897211
1.7750132607924494,1.1203467269659866
2.657936518771223,-1.3772367769891294
-1.077146941365857,1.3815393011334263
-3.4336347951773383,-0.7097214785621533
-3.7604010597110142,-1.6623805502626987
-2.149100395096719,0.0013442591405005977
-2.355378279848646,1.1463374308835657
2.98423451763223,-0.425496778135213
-0.8822919399387541,0.8637770419717129
0.5394572111684366,-0.32604407500821353
-1.1318030183267043,3.7501043571693877
-3.0976649708213366,-0.536314973663967
-2.3806863569045293,0.12465576520305666
-0.028350826051313192,0.8922893707819449
-3.298661020648103,-0.3520020506699134
0.32449582924150083,1.7301547562315216
-2.3935866798622087,-0.45211027757174144
2.1398559632462666,0.1918563718683461
2.416561159556088,2.021030687215931
0.6551026403179083,-0.4094903877637007
2.247917943208178,0.6390684712858133
1.906916786169406,-0.6090222529248777
-2.203367471521814,-0.5517294121969791
2.4474319825513726,-1.620785818540095
3.995674424882955,-1.285460823263429
0.20034261441600856,3.491618135663132
-2.8341649011064876,-0.10543450377470442
-4.758119330130638,-1.3383763629028946
3.128831001331195,-1.852249946540161
2.966443480167325,-1.0201062086604016
-3.9345852984764087,0.06764253813568985
4.440748189021825,-2.1483958152880964
0.897141348733448,0.16989913290667902
-3.467520781435287,-1.4314965280299154
2.6516386144773074,0.21966223268381646
2.2239135280992857,-0.7828029521994077
0.3507032031584463,1.7397552485346122
3.1598208976546065,3.0143916875508134
3.1861530732954195,0.17448796655278243
-2.8735928737500736,-0.4324909448977542
-2.9574125180831716,-0.269895477533728
2.1329085522191584,0.8180871384219207
-0.25230632611892806,1.9836284542626097
-2.451484412399368,0.8307405020552815
-3.9269934255519585,-0.8644192825267661
-3.5199612756203518,-1.4650539132268907
-0.6699984898526316,0.16214958756017017
-4.244758059405791,-1.501825292307156
-3.5144741426150667,-1.4047468826251532
-4.281065570071364,-1.0382359196402717
-0.8638553663907408,0.35947119974183084
3.570063091500136,-1.8959554096648374
-3.037383842205633,-0.27517789733133424
1.512514008843241,0.0797105726499677
2.643260472367241,1.1033517479195023
2.66203295360449,1.0838386503703763
-2.346820735052584,-1.0103476037442873
1.686141269983089,-0.6478856703747974
2.3149801892812567,1.0887951595151106
0.09659936057100485,2.4131443426265133
3.8202140273977925,-0.5532249680604235
-0.19414662952266962,0.6346942952812337
0.6012118396882237,-0.5942407623904182
3.1928819108270137,-1.6342279150218424
0.9270710743269354,1.3607888484836637
2.982032069910446,-1.2269367579435992
-1.9174896096116207,0.9651892087670083
-1.4402939624805688,-0.2479773690270332
2.0877978824227723,-2.000912568919272
2.6419248927556187,-0.7630277211806208
-4.163491038788427,-0.8548322619387514
1.187284049047661,1.5888649041417788
1.5044971481167047,1.5431454625408505
3.844212002397777,0.6755849043824224
-4.060098012949349,-1.2026223618784675
1.2965510928885675,1.9634458751896586
-3.2572269531579585,-0.10399500573844755
-3.603088109748538,-1.8005387930070063
2.4792766914314472,1.8136641614558213
-3.1974713782917874,-0.6501993558515549
-0.290970556364992,0.7338770330904392
0.7238421890130624,1.7339566013602288
0.16937270855192152,2.2874005972481743
-2.403103801916078,-0.4730648735085431
-2.8011858288294538,-0.9998518785348305
-0.2634297717067368,0.35235185554094367
-1.0341835163154431,1.2864980967093347
2.5591977986096968,-1.059357701699133
3.3493405028467413,-0.8820772633703858
1.1105785828394579,0.724339473806191
1.608509932698551,1.0274306028169011
-4.397564222703636,-0.8064738196819008
-0.6683175908713889,-0.12117581248690566
3.2171910382237803,0.42675501792302284
-0.3478096083969839,0.6603438117582487
3.080265733051436,-0.2818761189117991
-0.1491428834898304,1.887023554744062
1.0102944208592193,1.203608089189562
1.86726851529758,0.9291453888167528
-2.6294263890676,-1.0701438771797118
1.649022820268537,0.09078447079928012
1.7785771043930716,0.9470358985452841
2.502246323669238,-0.7028209712288376
-2.8316577879202067,0.5124550515080272
-3.7617504861643964,-0.4790389088702179
-0.5385509591924923,-1.4047052789246837
1.7014972864981204,0.6261500779004845
2.58337345943637,1.3869624810653685
3.1381901897707207,-1.1021683094660402
3.6748508900484,-2.442088835801483
-1.322401984170477,-1.2695369242032029
2.3270308966882505,1.5635235342697245
-1.469937675423494,1.0478053149618995
3.285101859995518,-0.9687517834954525
0.27511368426479793,1.4484057112524358
4.027016043763175,-1.4823002622088257
-0.41277190534652874,2.727738158637546
3.4798829544215555,-1.232099891110436
-1.7333557719928796,1.6073547547094225
-3.2217752426802546,-1.5362430990718834
2.649037429680904,-1.0461588430458557
2.6387025216138857,-0.6126939010260063
-3.027971027763167,0.5738081466771997
2.3501468875663636,-1.281939264865743
0.3994872439008835,-0.9453852748483235
1.7864021284748637,0.1330555492836203
-1.1087804076333996,-0.27539645698138665
-3.075665362359497,-1.554071817285009
2.6746669955711195,-0.8346557162779715
1.6640759102523204,-1.2954172879602925
2.7249729025992577,-0.33012805705599324
0.8810502056153751,1.8644666563820769
1.9452166116551894,0.43096060772498845
3.2814958243888266,-1.6762159770508713
-0.7371001274584988,2.8447674487653245
0.21606417679928422,0.3554761872436722
-2.882018050719138,-0.5877547142120627
-0.16962702529982238,2.0594373004474607
-2.500534433897463,-0.10710029829013083
2.6746749282490243,-0.8391509908176358
0.42042842165933353,-0.6605986811330793
-2.373785020349836,0.2103157503185581
-2.725363627714159,-0.004894588153760426
-0.2538386582238251,0.3364563717645221
-0.23534862420669975,0.25246810696828204
1.4316871021102249,-0.6969192424898027
2.4021816001980407,-0.47919204567717383
-2.676129445282021,-1.127362525091471
3.1918786391157945,-1.9958220343215616
-1.0445595684796645,-1.0334159644048748
-2.63727929248924,1.2617799272693282
-4.338603538953019,0.061175436760097374
-1.9619585847506285,-0.6102285247252237
-2.349832657966814,-0.7929418828190052
0.14553852393081435,1.2986745742170274
-1.0295771874096953,-0.4883799696239683
3.7680763815417007,-1.5918610392787325
-0.18370834189427934,1.9817601730049978
2.5068192250672414,-0.11730030601035502
3.6340279568479277,-1.6223528051808578
-2.298109692082592,-0.6561719007723845
2.9138628444180763,-0.06799518687448398
-1.8389444395280312,-1.263894988409953
3.468365888762986,-2.6313294995227596
2.1815112165878334,0.7459864747195891
3.1390227648071765,0.7399457810641836
0.8570979503032833,0.2813816245760767
-0.30039078012933096,0.8557001998476879
1.85735327171195,1.4686721511207392
-4.34142054335829,-0.5077638817245391
-3.919394683466988,-0.7755555523081207
-4.357721497342502,-0.4638181042023057
0.23697462381057663,1.4956630183727775
-3.9640252261508353,0.4118500774771645
-0.6060826863987965,0.19921051869365403
-0.23463633903624778,0.24138613738322862
-3.040705368159537,-0.33562635457067447
0.7835184231057493,1.6188823715081386
-1.447855436744767,1.357613106042304
-3.037360016453749,0.9130022218526405
-2.7811629089993843,0.6730121337029185
-0.4751889877155011,1.8855911828918237
-2.2755428952792176,1.9308517190534564
-2.783993181898919,-0.48665422388498397
-1.0651702109540793,-0.38575733462282924
-3.5356360020916835,-0.09381888318375836
-2.107787023610523,0.5080331846913385
2.7363799648831586,-0.06253024537614119
2.4491457298524204,-0.4715309287530805
0.2223707451071764,1.8865986549319187
-2.1510230887243407,-1.2705216223915126
-2.287864599563208,-0.391735371212224
3.775529511787963,-2.6360650037256628
4.004243284378748,-1.9328594815890532
-2.7214199030101205,-1.6787782239756592
1.2638918061050504,-2.164062607143539
-2.4715505111775595,0.11081539246978295
-2.4699997625610934,-0.7149484303449836
-3.860007032633209,0.4230912822738292
-2.0597007408516386,-0.44400811482171587
-2.270993347919914,0.2867646882306104
-3.878534543971343,-0.07638206834258986
2.2276358023012457,1.2492613697740231
3.3062965107500624,-1.631455350999266
0.9988746589344304,2.110736506466768
-1.4701267769902873,1.3550039288857314
-1.5981201161143623,1.038474935746018
-3.644042845427044,-0.57293185486841
-2.8686550134830227,-0.4837337685989441
2.254122866900761,-0.4924709220563965
0.04554161932750109,-0.0756600325602128
0.062432992457080366,-0.37299046938314584
-3.6118832721442966,-1.207057703183207
2.7334900147890613,0.450728846215272
0.5219353405924863,1.5301491833870235
-4.050040935259803,0.602807119794211
-2.454376351515232,-3.253520973944534
-2.336887370448226,-1.5737204456565341
0.4407996432701071,0.27985504359510244
-0.5358638253836409,1.9077250749594863
-1.5792351865106327,-1.071872185646701
2.6070779528005366,-1.2801836235009763
-3.312861813583432,-1.193831637546808
3.1890668889248914,-0.5547306843098394
-3.5054779090395924,-0.29880529995899774
3.410186602051337,-0.7498385335035317
3.136974673493465,2.2111010536138966
-1.9456409704230124,0.529960905952267
-1.4443885708262014,0.5318241719483524
2.617685083122067,0.8012142948150434
2.5361205041403645,-1.4382892921657353
-1.571608338232176,-0.7242094603812718
3.3845445372333485,-0.9703588536632178
-4.52969372021302,-0.27215273681391694
3.8540841754294966,0.2842187389488798
1.462329618594201,-0.5803619242730376
3.0221197592831253,2.13024336418017
2.877846800319201,-0.24487950037958411
2.4822286514017287,-0.3296657629161074
2.064919490847731,1.7738396844095927
0.2864566296683711,0.9453422529667176
2.683256260163045,-0.3911658206043256
-0.641761084661239,1.7998170204439647
4.238932058218709,-1.4338385600025774
-0.16774133740329913,-0.6162661683366468
2.603929575625617,0.9239612777088978
1.5830896603520066,0.9015788870874569
3.9278326817752376,-2.4041632368723658
-3.308184647783011,-0.5171894647420894
2.9595150297373274,1.4533239614757645
-1.6945985040692717,-0.7621269808955237
-0.12619607977255273,1.4739420054620305
-3.75222473591842,-4.841344951516767
-0.7854071292882813,0.7690286497398368
2.9282343152150143,0.6957308353807444
-0.9488594279636242,1.7325750385472687
0.34286606528554,1.959572720410828
3.388284924521426,-0.4957694077132395
-2.6253379662916934,-1.3272135089795127
-3.686316907082886,-0.957402256903806
-2.8551698199282436,-0.8720368034619123
-4.048804441453813,-0.44952078467994366
-2.842179622953821,-1.248625985660464
-4.084261107170428,-0.256108077537125
-0.08938493150769886,0.13533686721417482
2.9616399570601284,0.7828721803586783
1.4787926920558443,2.0959609183414076
2.8240836330671,0.17982384700205567
2.7368532647908403,-0.3274085741626585
-4.669602037983311,-1.087441896890451
2.0373570640503655,1.4186755468427252
2.5457687456843456,-2.227686353844319
-1.3428763492603863,0.78835408272353
2.151717190485403,-1.8117173301596572
2.2479660874566347,1.0145967267973308
4.083604185281267,0.18956385712556445
0.9008927257514306,-0.6947190735235044
-0.062229874729321115,0.6162821009706491
2.78833765996269,-1.8508793681086644
2.2787860169933403,0.14381377602414652
4.047951761021826,-1.380575350506481
1.1194409192248829,-1.191442813916305
2.5471613472068704,-1.8324518070511
2.581404776120234,-1.4175939049540176
-0.5459721526380844,2.4818903426197605
1.9159306834419207,-1.0385602084703596
0.45016316400830064,-0.1638899250256134
-3.7163482390879627,-0.8731326390978169
-1.9341359903397408,1.343089210358007
-1.0312508781928742,-0.37543236516484046
-3.7716004563475902,-1.9702350875773424
-2.9627789717035866,1.0237930716695756
1.9557776329725314,0.3602465215916627
3.321639968796474,-0.12528305917694108
2.088699310412854,0.733475517140132
1.9783498560389372,-0.22665035141117595
1.514373542213488,1.7012648018290268
2.526966960106905,-2.167725924063242
-0.6872486822960463,0.4133454946015225
-2.1923863181195524,-1.5218690894921396
0.7993156208915502,1.6885533679333795
-0.3279292486593601,2.2093346989070923
-4.158838999288985,-1.535528774445401
1.9233443478846528,1.733792625170313
-1.348349264106975,-0.8401142442729018
1.8271734422779655,0.8125777468174632
-0.3150368018165631,0.054022748380255475
3.0574365817659515,-2.0095231051835967
3.2850650607588245,-1.1081722676022043
-2.738056286562195,-0.570869768893967
2.749910655210508,2.283144050142133
-3.63054613671205,-0.5323320898527937
1.0749544904665163,0.5645127872264808
1.5682684361014902,1.0681768840648425
-4.391967639285517,-0.646046896648741
3.5488455177828353,-1.146229703198038
-3.122796047556165,1.037862318050966
3.75234715195222,-0.8065416767725233
3.824392797451087,-2.0655091370573717
0.11276594210306556,2.596459918677703
3.062826448573731,-0.8244413022360385
-4.607901971600428,-0.7311918781342526
0.07864534425446569,3.4099702469858
-0.5143051941945127,2.8094960833377853
1.9509540674579111,0.4546710103185012
2.3080114407080377,-0.6936094171619317
3.257154575281873,-0.10474220366053036
1.5190848523916196,-0.8773410834253327
-4.7008348192422,-1.8350926655371222
3.0852348821488045,0.15273934958244378
2.1968542530568875,1.7494705678219562
-2.0205457978019115,0.9048732917550278
-2.1102090910413747,1.2149485600298409
-1.293115145202336,-0.4142811368589006
3.023695810441549,-0.9207359352049916
3.7682281604983157,-1.1284091706210129
-2.9322642551758107,-0.4208674420564193
3.326018049302895,-2.774821424970896
-3.583618292196451,-0.9986319444418511
3.0624110845568073,0.3446173220719655
3.5454277681409585,-1.1629040988948973
0.5790755783989501,0.24394170625167289
3.3366259823334365,0.1430135787859843
3.5960573518729277,-1.1238306901053234
3.220779031807599,-0.7573338413038144
1.6656005947739576,1.69857876428724
1.035637973403425,2.25479151919465
-1.8989315150246342,-0.45597763566196087
-2.3451220715106627,0.39742540828205897
-2.109904795962065,-0.4595512677993704
1.5437413009018421,0.6838229543001316
3.427913912918939,-1.5121225343920903
-2.597455933914281,-0.5104645381791102
2.8924064272794725,-1.6811899408123563
-0.6382944717305391,1.4390308946882446
2.6510834640229834,-1.3127510169102075
3.752176564456635,-0.6043611197031511
-0.1270699694108833,-0.8979265382389078
0.43925760638530714,2.1493313792034567
2.834363339538453,-0.6526381338625608
2.9748128490554024,0.06649797192022475
1.265696730948218,2.6273165823327576
-2.2954476102178383,0.693593115228586
-4.612885608634661,-0.6704803307801537
-4.410408930000811,-0.16300192236737637
-2.5699210100915217,0.7153421698619752
1.2837131997572808,-1.6106046360194632
-2.839951828365996,-0.1501181580529452
3.022849337287787,-0.21449538711806843
2.4186163692813976,-2.0561425336690906
-3.12529095934455,-0.8296633715032892
-3.576611096664283,-1.1726860198369495
-3.67816192030502,-1.3669197882551023
-3.1164834830926518,-1.1267334367824655
-2.8783697388668257,-0.9685733153415165
-3.066733637061129,1.732745459949816
1.9974018958158382,1.7894057923113307
0.8918715519429607,1.930008236073835
0.1965083206273496,1.6030498066954753
3.1171155650422557,-1.3098055966656852
2.517946967456473,-0.9271192986127115
-2.71120444091305,-0.670229337357667
-0.3824780926969879,0.7757053109951596
-0.032389683109123525,-0.8580080229705703
-0.06808792614929696,0.09483461911537899
2.260743559415019,1.5674354616763844
2.5594856241378956,1.8017077445909564
3.643020675092414,-1.1680247512153246
-2.7389065683531495,0.7192006910166385
1.6156159513788837,0.8529891636465214
-2.8083290849044173,-0.4401936331725526
-0.49428871097237437,0.44900291244082324
3.6422709202782517,-0.6391667104886022
2.6482377337135996,0.5374172126581067
-1.0084707811669849,3.076304985631511
-2.0072398517093033,-1.6380559414013565
1.34534739848269,0.6661886718640828
1.654529040204355,1.9452529814951598
3.5750619125709995,-0.6355871926779938
-2.4058669945631266,-1.8468954855238056
-3.0526846340121767,-0.13564796567792228
2.544304199118259,-1.6998242393388616
2.2914598395504986,1.8272859852088739
3.86676855433616,-3.0158471944754632
0.9784975974091148,0.12362988131784264
-3.8083810687316255,-0.9813437559793515
0.5658553569982165,1.4020950741173497
1.1054229640930946,0.7732153491263579
-2.5947436859553945,-0.5036918761453163
2.8949070814209277,-1.2634630843937185
-2.6064255602918944,-0.4642928688837318
0.6574112598491088,0.4559969059940613
3.1653507637313503,0.608032670600164
1.360896712910162,1.574219342092265
-3.416437443189796,0.5215343465166182
3.1936670158846416,-0.013887685061106048
-4.385006053170542,-1.5611370057115894
-2.0588388854784565,-0.8790272381544051
1.322155860378861,-0.4703707550727742
0.5573224885556322,1.7156272133490322
-3.087764874265121,-0.6020245765920493
-3.509618235270386,0.17626052925466473
3.6780448836566646,1.0923800291948766
-0.09933954373520196,0.9512922158651443
3.736122049173125,-0.7094720377235156
-3.2593221182220584,-0.6378289350164186
1.5289591391354809,0.6813992191483557
-1.495170650289237,0.36012376816752134
0.6651945359515925,0.057831136783549175
-1.658839335000987,-0.36891810999628344
-2.5739526572974705,0.28968754183308576
3.32450472654427,-1.814015919622685
3.8558102281018467,-1.3056085136271864
2.2977742277945663,-0.8406289415680012
1.2914532814565578,1.8929216682926806
-0.4311427426924691,0.3159124134230886
-2.7949969576455347,0.34082294621166115
-0.3946227257421571,0.88290088463512
4.08988377360959,-0.641433194298881
-3.7026354352720343,0.20042844861245718
-1.1493913400795237,2.186997511666085
2.8244360741224495,1.949635837225927
-3.9435183561346303,-0.426691273947994
2.0268197440481766,0.1676007324223694
-3.68245518010463,0.3337990841578458
3.131078920650072,-1.4801126274178316
-3.4454405984157797,-0.15315318791477842
-1.1512556311511035,2.730143264241506
-5.037642709894441,-2.258106988479163
0.5602953553709438,0.40101257304384164
0.728368447408608,0.06045832904117729
0.6854298736487247,0.6912498771122962
0.3914173962548649,0.7672741688097479
-5.241535076209766,-1.1957964702680166
1.8041463286999646,-0.4946989365959909
-2.245362773025485,-0.8430388392163526
0.41300563947706703,-0.6426319047167838
2.563355870867302,-0.20197656865506716
-2.968897640564134,0.18720095444100948
-0.47358549216204393,0.46562573367917304
2.8453697226375976,-0.8065166004097232
3.4086372093141364,-1.2729338910423196
0.8400696356876973,2.235385757100764
-1.297568127278599,-0.14857315158746046
4.270589508561224,-1.25572917135881
-1.625788931722448,0.1379144516739605
-2.069393822393059,0.1198576309552728
-2.526054462856547,0.3210866104262804
-4.415765593731874,-1.4767068350907504
-2.5690592441408007,-0.2186398996244484
3.9316012719722004,-1.7173572649161426
-1.194198447657851,2.467324594972492
-3.510835997929107,0.8968292678670643
1.4350214563734005,2.490287017769515
2.587299121566902,-0.6428571116839049
-2.493684659197403,0.2547678295893442
0.5017659296915095,1.7896197626265673
3.587831990606201,-2.024492600666165
-4.664857610558464,-2.014169177648758
1.3282652264560715,1.4201950310894196
2.7697172125281364,-0.2159705862456625
3.846061164719985,0.41016078360601305
-0.056118658614921234,0.6086359124106456
-2.0927259635441913,0.18980396401584326
3.1286502777428913,-1.209964273351086
-1.5888005961655567,1.0633989725957238
2.706899313223626,-1.4393512657065703
1.2161344681518387,-1.0454680023270098
-0.2362193964925365,1.837220789780262
3.8373821667850447,-2.560203735176224
2.9796406172040824,-1.7124087341595708
-3.4841737356511273,-1.0238592637409223
-2.622919662202544,-0.7272833477684009
-0.40130840394467504,-1.4063351265494317
3.3949670910955616,-1.6934996320096554
2.5891359753963052,-2.2103135064661203
0.6643800375528089,3.7788868668053133
-0.9140201699621786,0.16423839161024534
2.9568572816388734,-1.6671468391809174
3.0338204774550785,-1.7905486612078092
2.112146313721204,-0.9825313590504892
1.2465906091368109,-0.18379497162330954
2.927212545126275,-0.22751559610478364
-3.6594299455986956,0.21929545729305033
2.950024390954069,-2.697770394573658
-1.6085734764047912,-0.8251627821632118
-1.9914616061296497,0.4580276248630357
3.5818769209461636,-0.7612346032017635
0.5665872932967055,0.6901873264685319
3.0609607541808224,-1.3622514189472201
3.8469232141569427,-1.6233769239491327
2.8443346337151176,-0.5321190708286083
2.2192763656870405,-0.8182681519098539
-0.8796147485640724,-2.2294328480937207
0.9073196755420155,2.4294705105314356
-3.57365869690125,-1.8029519870809332
-3.174603314830693,0.4421744568803433
2.513469725293231,-0.7770677234440605
2.439609690454462,2.046560172600608
2.5146169093215955,1.061591306262839
1.6530469674794521,0.4805357128355774
2.647798333533174,2.0517425223198034
1.6041746088426698,1.1308002321715618
3.0265654090185903,-2.4245159114051935
3.924496950185221,-1.8026075110557773
-2.320276161135562,-0.5999500175747753
-0.2330927440085969,0.6935478275154936
2.5333161494016183,-0.1528486424898809
1.0543480168919084,-0.5166814012957496
-2.322571081671022,-1.341222538061658
1.6605910854347767,0.4353849828922792
-2.8996122440648953,-1.0957239670336827
-2.4205914194595426,0.8027792220467842
-0.9067316432441318,0.9831815066855768
-1.3823738095423346,-0.5102471392108119
-3.0053899559921264,-0.49177119854316714
-3.054706502939792,1.405282388126551
1.33187943926131,0.7685875571306997
2.2168842046717034,1.3475260650274543
-2.0152237596425486,0.09217441591817685
-0.23013582978450722,2.1187794558646456
3.5839561751407887,-0.3651089600326246
0.176476217249135,1.9174563083599447
-2.0266878548553593,-0.501014926852092
-1.4664377108184716,1.0039515820850018
-0.08570132040953363,1.1213708071080282
2.419890774275371,0.7721992002971573
3.531201510871395,-0.9295435862603451
-2.1288067933443013,0.6603801957077282
-4.292989545618792,-0.4528460318203383
1.7522023477488726,1.4294904653485268
3.3579797088247108,-2.48325813398283
-2.589682661037167,1.4610924420980775
-2.2681445151886663,-0.026769578068491617
1.7147074419684034,0.7941616854253971
3.609626679459942,-1.4016499563043738
3.2424590334215,-2.539728408734774
3.317854828622528,-1.7100672424104162
-1.5254398455621965,0.4607966041244783
1.7408440899504345,2.873733678745804
-3.641908603479047,-1.0227635258078995
-6.9539020300457715,-2.0400872845906326
-3.0464603255910836,-0.4556300940572041
3.6465936612041356,-0.7803406917250055
0.5681488321531782,0.4915881594236562
3.476604323886862,-1.4180554786716573
3.976791380522087,-0.10568545791767013
3.8123214906862066,-1.3718703051414063
-3.136675612051835,0.5396730445947318
3.263573083976365,-1.5633155524630271
-4.367648663758181,-1.3523855980260473
0.18381237888318233,2.0232950259503677
2.6592346128364728,-0.16162299896982418
-1.5908529174354713,0.07316609132247043
1.742874067315593,-0.33133631102459093
2.586082811517137,0.5746519801627726
0.14415378275510898,1.3110200000880154
1.5482919138981022,0.8250601856512042
2.603622604304898,-2.297928110601272
1.363026709478529,1.8110986318171745
-2.752020237826328,-0.8780612821507783
-0.9223900118084847,2.635401255468338
1.6900617053982747,0.7922959591505144
2.964150209224383,0.4816088845884693
-2.63727929248924,1.2617799272693282
-4.185846561995033,-0.32476397601998974
2.854533708373435,0.18274445544603118
-1.8591093611396712,-1.382387475685794
-0.7407700615438174,1.9359514693632671
-2.4363796580560857,0.3112183451510343
-3.22311699926354,0.7726962228245517
1.718261143643407,-0.9725259430078199
3.5841033147961445,-0.9962491191537114
0.15161243578225514,-1.3636140668256198
-3.0481637716192145,-1.084252899776862
-1.1095940046507353,-1.3583428556140191
-2.3491734310790866,0.4681478368657691
-3.6680508826378357,-0.26194888254275184
1.4422088044251258,3.4568393766477743
-3.1518637951752657,-0.2409010957106411
-2.950171307400757,-0.48514170106843063
2.7347678610694928,0.3181745676802959
-1.9434081864012338,-0.9098021694328448
-2.621265606411808,-0.9293702013374324
-3.8763823017674164,-0.5477483476403764
3.060488826983016,1.8583436003332539
3.529455693631743,-1.2220925314676645
3.534313584343221,-1.1899257402390382
3.0200235118146384,-1.5812017292341034
-2.722377375232228,-1.1900677647355704
0.33579769818233823,-0.2678354499856083
-2.069554427725338,1.1461048954946933
-2.8547526097357157,1.1103079019571624
-2.3177723233485374,-1.01465379343764
1.3432353292967925,1.965335122286517
1.7910900215346808,0.4215272159655368
-3.148344647445743,1.37737864917472
-4.052716789796531,0.8772019606965747
2.815615250114033,-1.2511919528732105
-3.583845267342924,-1.1822520401324645
-2.2983650508793185,0.9689365446322843
-1.0723723919632864,-0.8229613232757649
3.5203596730778473,-0.5544634643620925
0.6722071336446521,1.1399130615236341
1.279399374654006,2.033440848042476
-4.693307266263803,-0.24589325733602307
3.1103824928251282,0.718638112391467
-2.567162854056609,-0.5166877444413767
-3.6605231252170234,-0.8640430693325523
2.0234448993608214,-1.3447750381773775
-0.84946409217746,1.7872066412362004
-1.3817348625936074,1.1361471458861754
3.007680685918447,-0.26917477144975516
2.8426194165829557,-2.6739701792585797
-0.26380385034759324,3.9994929468615563
2.1837078950252478,1.7509701834704736
2.076823655738552,-0.7778623506817061
-2.829686469559252,-0.24724698142541085
0.9995181502127132,-0.3820167570435655
-3.111393836234453,0.38695526598383323
4.100542820958117,-2.5494084661277467
3.493497665760119,2.2910408692752604
-4.032310525738437,-0.7580225569609292
2.433189218425739,-1.2738728928439467
3.591914960926787,0.956390226200143
2.0830016919684167,1.6291396020732378
-2.889458423886387,0.5745158194752688
0.5109322766776085,0.3523702717815205
4.361505506395566,-1.580327223164654
3.388004095743476,-1.2262047715854054
-3.900224979665235,-0.21484337257240713
0.6854597132598644,0.17950736354765234
-3.820990956882909,-1.0303066742035987
2.913339743998055,-1.5617107547391162
0.1543466476133253,1.7342372170711653
3.1803597391983547,-0.8647331803737301
-4.273873262753342,-2.046070026875294
3.608253008164408,-0.9751981461309062
1.4280097413685242,2.2435984489549594
-3.7679811781265897,-0.7134356050131648
2.7747895369161,-1.1961077428952853
-3.714203656532855,-1.3263496675479756
3.088075614781786,-1.4663339786859138
3.3281430537205976,-1.0328859372738801
-1.0402585389303758,-0.5270602954295586
-2.4208635924477604,0.7243448370578612
-1.9156023973327714,0.5290187613437884
1.6676744264751993,-1.0365430013661485
2.04919544633825,-0.9623619796612987
2.7594828827820406,-2.509899558163463
-4.693874803989765,-1.0366344700068533
2.5990982641170812,0.08340471621114556
3.796719969768741,-3.113410874539573
1.0739711953175612,-0.2938090478534988
0.7691301603475822,1.2422942291118515
-0.4716203300397974,0.2825473338090985
-2.6643442903103773,-0.5513033642772596
2.533943382696504,-1.3014076973976603
-3.010202219480793,0.17491180254227323
1.4869576889059613,0.11446187901033417
0.461166050568411,1.4113419373216138
2.849448151504422,-1.772864967590956
2.248799248877171,-0.8784692471817496
-4.189888987953332,-0.7866541975190952
-3.6079871276932187,0.12385653991702039
1.2886579083333005,1.144473908197754
-2.927891115447795,-0.8819343588614295
0.9132046762837092,-1.2758343273861077
-2.1190009231524907,-0.9918112998186785
0.6338902284476907,2.2196569135203315
2.656531491156684,-0.1493579950545678
-2.3057033135377027,0.1944577556041962
-0.09703026589956176,1.8180488559806447
-0.5081550776718167,-2.0658800249107445
0.5635611730941407,0.8971314314359974
0.21077646592755914,2.499289184330637
2.676699614504947,1.3584554384946803
-2.2562079289113117,-0.479799184157731
-4.011743430678549,-2.454007752585586
2.533832048602954,0.3237642819109655
0.550663332851611,2.031308952861969
-4.2707880214767675,-0.5945592663240136
-2.3830794202874825,-1.475958506437498
3.7404883597743717,-0.17424443724327504
2.512157025377967,-0.5134426885334036
0.15638834887534267,0.4071539896963954
-2.3704246822431063,1.019174125797893
2.795884928838527,-1.2087870846598565
-0.23830324221737734,1.2506840731166755
-2.299591716635127,-1.509861193876426
-2.8576671593875433,-0.8307501570976578
-2.7957585001430596,1.012936602766092
3.6042728320257025,-0.2608701668775979
-2.6141520055459835,0.3403944746747131
-1.213234629568297,-0.19919753941044954
0.7920749819661907,3.6976455460474984
-0.737174431814056,2.144354813019022
-4.317259178052595,-0.8389170822576543
2.683450541975684,1.1782098522126354
3.1445969746535174,1.0126631817826337
-4.792252954288203,-0.8619322233680924
4.044880458903363,-1.2107109617775573
0.32839242440906996,-1.0202868454106975
-3.4827638192536337,1.448240754556927
0.7595987292701629,2.354181146173115
2.2161958611563572,-1.3231869357805377
2.514169505543279,-1.8738834904980974
3.2462093051857823,0.7603108971262007
-0.02921109376068242,0.11042989898247724
-0.5489343986484698,1.2595462465897547
2.955226247484512,-1.8040387941033362
-2.3745052181576454,1.163541500162526
1.4815886743337918,0.7925019486350807
-1.2665650693571708,-1.5962820551000663
-1.6258382189385014,0.7415899262507407
3.162836592061583,-0.955100938862337
3.2898582041495428,-2.019652138727717
-4.641948181804913,-2.3161957267464173
2.7369823844636625,-1.1709441452626592
-0.30526343077692186,2.337211584920593
-2.666897844858719,-0.5247279772235289
-0.7147639963929125,0.6975044218871168
-4.271129312298308,0.03371521563273103
1.461132562176803,-0.6698776594691288
-2.2640951866383148,0.2903474038642816
3.971725362413006,-2.53887495995732
0.7808019836472652,1.7801070196771542
-0.6378700168875165,0.4061581325706869
-0.1560479901535464,2.6118934839176555
-2.009322340141723,0.6346237131557503
-4.402612347292467,-0.9581248824111729
-3.705851916930807,-1.5973016612843334
-2.2790252423781237,-0.21424732628595544
0.7642654618711497,1.3252598081863365
-1.695405570991868,0.829837038818563
-2.7806948088885077,-0.4929721607363069
3.3582848007711728,-1.1490849249825543
1.8203151468330665,1.6779262074586567
-1.3411361332314504,-1.2096147097219547
-0.49926319372842076,-0.12534317039794757
-1.3644538692415773,0.792143131651593
0.9000737457666692,1.0489444241516708
2.477289823669878,-1.596748315026555
3.254462406831172,0.6314522125011688
-0.35161910882646746,0.13100657885185818
2.669952906396189,1.1192204798127223
-0.49923589806478763,0.4034814305927237
1.8399878508884338,-1.6534744260070995
1.0796006093426234,2.062348868311658
-3.3202711651931374,-1.7486014350785606
-3.1755159063289735,0.09276347875143057
-1.7128886477701695,0.686875648562775
-0.37064340762296394,1.3817746756383782
2.721941732297426,-1.2473207918338325
3.461103798784121,0.328316084174836
3.167894108582917,-0.7862745980776316
0.02610634019295898,1.5013018798762268
-0.996573445840405,0.5111865260833041
1.9429190033630197,-0.7307581868860135
-2.6581377502067123,2.352903891806752
-2.016494173139362,0.5981109198378171
-2.9304699323569303,-0.4147124078240701
-3.813643590736441,-1.11836252756993
3.025638376409,-0.6107767126312358
-2.58632038255576,0.2955881731940433
-2.017795797204116,1.1581424853524735
2.189780187375717,0.415098349556011
1.7784306121529911,0.7779483143241505
-2.569576877030907,-0.847116637193804
0.12548413595811544,1.4421929655240189
-3.1720260727323897,1.5408703310938252
-1.3710217242953684,1.7888051882241292
-3.358645562529082,-1.298237143555054
-1.6856362753570857,-0.0061600152284259635
-2.8477322375515373,-0.35991459164284845
-3.424338213270385,-0.6879353718938441
1.6435906886244098,1.2741844903039174
-1.4174346323377733,-0.2094391812891916
3.6385387860225364,-0.958126085353657
-1.3099986327360533,1.2891703554707874
-3.8426507468439146,-1.782707195533824
-2.4541493816831106,0.26176942480877347
3.6679312090293132,-1.4144094225201136
1.565140403152691,-1.6797022432678368
-0.015405721871381152,1.1787883957577585
-7.555089990775438,1.684611068924534
-2.304704409765441,-0.22158925829986664
-3.973320765779788,-1.0029367365106214
-4.938173528571431,-0.6690538076453789
1.4759227866438287,1.665478183441102
2.4219462632807156,-0.8161342053169013
2.7921617107527497,1.713446610252924
3.715564226040512,0.902216032657195
2.266534331093726,0.06312355692619817
-0.05894674322540639,2.040667577216181
0.8284989522729771,1.3167546081356947
2.806452392496982,-0.964776129721707
-4.125735444666466,-0.5773923994808124
4.227375428985692,-1.396149799794185
2.855675017347194,-1.1147721697121238
3.756881110414174,-1.020837250133968
-3.413091604940283,1.3510084040615062
-2.489129618129252,0.8309347985740104
1.2793051193557197,3.496249482768375
-2.1117745588212884,0.24994130083433297
-1.5801968996312943,0.5641524241013418
3.1205221664170137,-0.7385692487714833
1.843363102617536,0.5060863405927346
2.5354877530192286,0.35874555468811015
-0.3549643997855109,1.0566358394859527
0.2472116896099955,3.3718362385250327
-2.0371539220624677,0.007265901424871435
1.6565488127401968,1.5986087228132702
-3.392548204241977,-1.280529499734457
-1.8665828777087266,0.5846159096909159
3.1913131384109628,-1.773825422303275
-0.1856750814252169,1.7288888970987104
3.905190183368742,-1.8020248635942453
3.356699433330703,0.5517725723977192
-3.5909117539983066,0.5470891410946437
1.3757020076695188,0.725911365391261
0.6667806899901234,-0.07501887296236108
-3.105042980788605,-0.8076095154177353
-0.7321554571397251,1.6099812116760441
-1.8017439466250724,-0.4623946347430753
4.279234682228601,-1.2084284204381737
2.6129005079865335,0.1930884910041925
-4.279783840604803,-0.985497396781326
-1.8676478309997877,-0.4241561135291192
-4.106678613928176,-0.6605081875637199
-3.244103261909816,0.127843261134874
0.13951567486413724,-0.3075820305725996
-3.21385679780136,-0.4059708788770078
2.017704593349164,1.8253683453919534
3.785140525758726,-1.6775120307023537
-3.093843351399209,0.16539659088787212
-2.2327599566727145,-2.8927522609472227
-2.9374462205474754,-1.3137787661467586
-0.3559909933530676,2.0797339302764417
3.384452420494838,-1.286742294877219
1.2165229188621587,2.667045056821907
0.08530273704644016,2.2196901318184232
3.0602140085882397,-0.826281761718528
0.7417827272807584,1.0536907027121911
2.7300829755614386,2.3916095043148395
1.539257962937116,0.6031204069582585
2.516659749756321,0.22079303540142425
-0.09498856701134972,1.3803337737913237
3.226617424376543,0.41988088781569055
0.5891360959888949,-0.9481255946373115
-3.4831105973299237,1.5675069790130904
1.4565831751114298,0.6292123203501216
-2.8628173943620556,-0.6897141252594148
-2.3225756275932725,-1.7413537445303127
4.046801728319923,-0.5588813912641599
0.7241742852275237,1.319400186325475
4.121290698098823,-0.8199755631511025
-0.20167884770335262,1.5993078345673704
-3.0674412458687965,-0.2194143254364178
2.0234527711017973,2.8325302625086963
-2.3758563134659383,-1.010550465464643
-1.052101687996059,-0.44040111132614285
-3.357065375903091,-1.4049006837025124
3.104397212831887,-0.2798032099816167
-1.881593384035797,-0.6136076100528326
-0.05594161312655254,1.0991197311855094
3.363687960015224,0.6463191968846405
4.30370161138089,-1.3677111079142161
1.2905011254610799,0.5018891104135106
1.0063193660306156,-0.2568086219118592
3.2373037151393027,-2.7641697955640274
-1.5065756054398283,-0.7394299027809941
-2.976494120475099,-0.5126638460823412
-0.11899064798957168,0.6401741507701258
-0.5805571760964865,0.6469734146401441
0.23509407148943998,1.1164011240095064
-0.26380385034759324,3.9994929468615563
-2.74002965389366,-1.551998217812208
-4.190338295668703,-1.3541819807797242
-3.059137554729245,-0.822324073512112
1.2747271052163207,1.591381521207503
2.646816626037299,-0.5389799691986034
2.438020093107084,-1.72343977088487
-4.084193197555375,-2.0304226552376177
0.4230963697184641,-0.7046141343597532
3.1153898684882315,-0.9207945101958039
2.8813941413148085,0.40605233345571234
-1.7802175103990148,-0.23093248317594886
2.3755055216425576,-0.2947522815685818
3.369551972568392,-1.4432506782391057
-1.702637981844784,0.6613737503865101
0.9388973449441783,2.3987158199926135
-2.793924856446779,-0.9970122017007097
0.7640823362624957,2.2800349015230927
2.9104658562909083,0.20181156607869494
-0.12820461043339781,1.4333210724696706
2.8193031674547884,-0.42133901638178395
0.3182212447072559,1.1209701173533464
-3.1878404616965534,-0.9398652215366563
0.5984626819886323,-0.786643553611319
-0.02109392118869726,0.14579066027885385
-1.9657860870416215,0.17494329082144833
-0.5459721526380844,2.4818903426197605
1.9704212650639004,2.30477187209313
-0.0952848209436,1.9626941116601673
-0.5286489878472689,2.070060017522654
-2.700570023530183,-0.8032318614847624
-1.2193112682328222,1.951955173580742
0.5320452714779229,0.20869387576282483
-0.22153566338749534,0.3169045264737667
-0.37093295042254065,1.1668521309357702
-2.531532913934974,-0.643980468365577
-3.6224400810461685,-0.5333219348235251
-3.370081224707533,-0.4036638870401262
3.7408246725246115,-1.9480541606897628
-3.376105875722457,-0.5393630455746868
-3.398656133928322,-0.6237378417856928
-0.035554610592264856,1.653235086837039
-1.6237620551807688,-0.2538903811548415
-3.54031516307885,-0.5402841572591479
-2.006430842135073,-0.9469819904767597
-4.0581533333453494,-0.11275738317953268
1.2585153018323847,1.5104727247645764
-4.347573467608417,-0.6568250821618401
-2.337382094554801,-0.46520644900280494
0.6167021339172762,0.7706106503378334
-0.3000248576922719,1.826087841750586
-1.05810762655719,1.06905232857447
-0.2622358288425212,1.7254333877696384
1.2413015536816008,2.0156288561607627
-1.8748676741976633,1.7445380346862773
2.873548873769841,0.470863150557719
1.272622076317327,0.7621908242766405
-1.8311189759611717,1.9613290101363607
2.205965672432545,-0.30266976331147744
-3.667892630083647,-0.6411110908548964
3.7435813464559393,-1.492653650376731
-0.9861744801987162,0.16435882868875706
1.7801420740526503,0.24866646878613707
0.8318376937359389,-1.408808651514573
-2.399750272553549,-0.021350478091263253
-3.1331364085242464,0.34609518544953866
-4.969719893194823,-0.6840218339578382
2.812610587560096,-1.8840164378504336
-3.2717819505308214,-0.21938331616020956
-2.02722386543069,-0.21797688538628524
-4.292989545618792,-0.4528460318203383
-4.140717640722469,-0.6292891671973383
-2.094862764688208,0.03738202941625898
0.9268977969225631,-0.7284063584885666
-3.0592280315817058,-1.3568505671634479
3.3900137063053677,-1.558375975488055
-2.9582776699307223,-0.2234189254473749
0.13239169974102213,1.3337214478423656
-3.131380288655212,-0.019592665850142563
-3.6829725182734365,-2.025791527971698
-0.6554793830135774,-2.003037391795688
-1.987136525023515,0.8777900758911436
-3.5707850508557746,-0.4843374422984893
-2.819284673686337,0.5538324869555737
3.5572959552999874,0.3820262879534827
4.295252729919843,-0.20684691003438782
1.3269132378225443,-2.022180324433613
3.068799674577545,-1.4659203997094603
1.1028983681488511,2.6121925588489128
3.1821926956861417,-1.5440010198473386
1.954311126483829,0.14493722356369165
-0.111905918997078,0.057823573846413595
3.302818599432074,-2.0175765340752307
3.116825343307321,-1.2052771876123156
-3.2931533502194337,-0.056282670696919904
1.204613853323576,0.6678824476221356
-1.3629269348098267,1.3529547903302976
-1.9735364626270053,0.4983362506973914
4.385405816253396,-2.116978587351188
1.6290914101396536,-0.30046723697347155
0.6142985936141744,1.9491245355991769
2.2195129394285114,1.252400008307911
-2.9697975800204985,-0.21556267803871315
-3.699577565294152,-0.9480256457712573
2.3365943166363503,0.00790380146549785
0.5396527101848487,2.5550415146899272
-4.183172164748467,-1.0358703048672298
3.2147090888754795,1.0710212973201831
-2.4109355123493206,-0.022682871447140235
-1.1594933156988403,0.9614796568019738
-3.391310613771992,-0.5065527880139169
2.146775099292229,0.7376074619545567
2.8077449979459734,0.6126220854620249
-1.1179712222674654,0.5002764999064058
-2.4463486869631237,-0.6500307410947463
-0.38513173304495385,-1.2858008735676445
0.5452431848101092,2.0922191122122715
-3.6026469353565003,-1.3349088986276216
-3.217394294539654,-0.9556195269994512
2.9136901405275393,-0.3240560614029835
2.4240449926939944,0.3497786663545854
2.6590747673812882,-1.277152150601777
-1.0568200132895738,3.578194435668948
3.667859275761453,1.1619826263079598
0.38995115094357313,1.3990332996342079
2.2956802072103892,2.0603991307126273
-1.1636964219549393,2.434383110955513
4.128422995907881,-1.2414279020920596
1.482511836544251,1.5341025893675306
-2.3738799164878506,-0.556465476373295
3.6757245340603273,-0.7991819545837594
-3.293081384222631,-0.6347957842130286
0.9853525317307571,2.2807836082481585
3.0471623952874762,1.1469688981742716
3.4004216744944724,-0.6038072233406333
0.7804563246999088,1.6577921492914363
0.38827742844325513,1.8480074798594326
1.0309393050143973,3.595330156303099
1.7766986009404313,0.9335097596497693
1.421964317922232,-0.9501309911016816
1.6002626320742157,2.2472623043832085
2.838055694681368,1.6191783867759115
3.4311447052883284,-2.129421010949083
1.839523604954385,2.101542895486282
3.6157757124781424,1.2840412223309685
3.732006954894769,-1.8443373815680553
-2.2214512079349835,-1.0997216371917227
0.45738940171654713,-0.5045961893366044
1.0751618773859979,2.9031718146558245
-2.058760805909976,-0.136451669809038
-2.2532296353730334,-0.32987596439783257
3.3239858427226645,-0.9893852644024898
3.7474042461004196,-1.2459319035569427
-1.6836837875617139,-1.0635293004605901
-7.434094542554715,-2.1024639222597266
1.040689383037696,3.0599164869218134
3.7998359544624485,-2.493416475633375
-1.8526313709778217,0.8224895825440128
2.8111397692825144,-1.7877871380675106
-2.3927525594950003,-0.5154267361211897
2.179721606944168,1.8039273730914198
-0.8215950177362101,2.5023426383681895
1.6652209692432294,1.475804179231225
-2.240739267476327,1.6474536569054181
-2.533194218378007,-0.4851617844265833
-0.6202686576630176,0.8815992631599109
-4.60610196643383,-1.2223496352711511
3.196070800935541,-1.678782974805733
-0.33018967532654964,2.056290041824494
2.1794357596668252,1.6309730223566774
-2.352294141309516,-0.4487762098438824
2.767782163089874,1.604661788757296
3.300639358331216,-1.3088129733167042
-4.1748926440069125,-0.43184764967891803
0.9029953305642299,2.1157629307260906
-2.15924443844163,-1.5424238951248608
-1.3667996640373667,0.03979036276286474
2.390991513073887,0.9150380955881073
-3.9127157462251945,-1.1775346206268957
-1.1402731995999063,-1.586164579593262
2.839245769043479,-1.6395537114256835
2.4574729744277293,-0.1374909269705376
-3.615707415534202,0.24078464741028727
-0.7942355063183526,2.470533511583111
-3.9884936659653327,-1.1888113084023395
-1.5191927707891453,0.8941066779878338
3.1640209551559546,0.7526227543078166
-4.389109290076487,-1.6603615765932735
3.418446307658737,-1.7191244133323118
-2.7774506768656644,0.12620808620823465
0.719445150159716,0.858555663886014
1.7334252758243283,1.4300935741084393
2.9137879901673727,-0.04229056562937328
-0.11117592541632806,3.4733368337631587
1.6898867364889723,2.9442279604251254
3.971725362413006,-2.53887495995732
-3.1479268963069487,-1.304119920060073
-1.6997497879590262,2.45581297775552
-1.1492274286792967,-0.9359078699830476
2.006114668206383,-0.995700904474744
1.493979603384408,-0.023812649838891697
-4.307353215004584,-0.37870448852681926
2.6461103036705214,-1.3359132406108691
2.8143308598306174,-1.4311343054097376
-1.6494190805996813,-0.37640680976307594
3.350652009371419,-2.2225908655885136
-2.829686469559252,-0.24724698142541085
-0.45632491077308746,1.0380364772111403
1.4589156991778618,-1.6703553710380428
-1.1989285104607499,1.248348887052091
3.608073992713885,-1.1878873916609503
2.7634121125058355,-1.4562171718898318
-3.5500574362253148,-1.3456707070168554
-2.612331898405736,-0.289298137812301
-0.10189063682746854,2.235692869854448
-0.27802383198131786,0.9252635005019892
2.938978607667216,-1.0169939977269271
-2.5958791314119494,-1.7201625280795811
0.5527421587051888,2.1132383727113413
4.493956671230052,-1.068511158253225
2.4588888753957754,-0.1428394412398281
-3.4125480480397656,-0.02898842551611791
-3.111704625938132,0.3627826985104772
-3.9460430593295546,0.22087739768068504
2.405111516055974,0.769879269006854
1.571154062065881,1.0561481607461576
-0.27261423324498146,1.9503497880927911
-2.9218389789090167,-1.0136645579266186
2.8319059596273815,-1.099758014425075
-0.5741798849284969,1.048008317335385
-3.4486819677518614,-0.10016031656991861
2.8391000067484433,-0.3498109983525098
-4.260310665415144,-1.2781079942299174
0.5694522326893904,-1.003032949513349
1.5466282834277425,3.4455450632646327
-2.198854833215513,0.4679829915986208
-2.5799276978011423,0.13025215068363183
0.5503563695922863,3.3423746487695376
0.07588801638548495,0.49327809036498216
-1.6642884606274688,1.6089733021950874
2.071921750158853,1.3989453188297145
2.0206547232528935,-0.4026036931881329
-2.8597085105545315,0.34946146132667993
-1.9909992460651846,-0.7780107247097412
-0.6780474800786409,0.877618569189888
-2.629835086389486,0.6333310061540401
-4.622080914044442,-0.950160751851983
-0.07854714119051406,3.708078773546385
1.3019337625906873,1.4187301202204625
3.5791359710828994,-1.4246450615451849
-2.9376618088170443,0.13093600114792397
-3.3101491512478844,-1.1283350236549272
-3.14752357883792,-0.7691351923049696
0.6322879143743569,2.2182092143835765
1.4338856039582581,2.2794608289132814
2.397176644258441,-0.7306532495214061
-3.6028657844795746,-1.5858721606186088
0.02560268776351722,1.0756789380062424
2.463835286646105,-1.0739119367518812
2.6966083984654943,-0.13797031215744981
-0.7963387491275586,0.6399808895146529
-2.431825580522754,-0.8684072034480065
2.9389982197671127,-0.43520934634243186
-1.747375311786553,1.0420972584352763
-1.3532282418817723,-4.238814328838338
-3.7022130364605585,0.6682876539404047
-2.590437055046223,-0.8009991943068137
-0.06247926383983197,1.5450341443903213
2.698583999041444,-0.2277420203400673
1.9898128423018977,1.7146528182181417
3.1980107262922517,-1.8064937126131841
1.0998284775401688,2.620796888161355
-0.8118558715991692,1.2909311713461054
2.6516423732476397,0.3023151487852196
-1.7477771190829812,0.46501432151578037
-2.080567147382879,-1.2582174214007673
1.9348210774817742,0.12974949743007547
-2.033045176986155,-0.3403609421732229
-0.887925459491449,0.2759044524660253
3.552265588547117,-1.0593784352985767
3.2577837984840996,-0.6302395752020683
4.082367107170123,1.1944599849956399
-1.8349335498310166,-2.4362763295824212
-0.3567654045036762,0.6645146282672919
-3.788841039558358,-1.4580861052842207
-1.0066759427900356,1.2783196271309918
-2.4625524279562674,-0.9758184343090419
3.7461917133011227,-1.3287526179013347
-1.105197977398587,0.7442616597690417
-3.4537293175509274,1.4219105181554017
-4.728051969076081,-2.0120656470471623
0.0138282367690395,1.0036374590809003
-3.3920924447460283,-0.5012909652217258
3.0744336665167054,-1.580169919919852
0.9269437882360138,2.479732823071811
2.930244966947464,1.195940881674129
0.7734735323910105,2.2797178687775026
2.89747175143648,-0.8500897289036359
-4.660813977329617,-0.8179073405567295
-3.7805216671796504,-1.6106293303523715
-2.587765448090752,-1.370993491104207
2.503167580579627,-0.2948877060880344
-3.702871466605409,-0.5104241010048886
1.8781668202628925,-2.8382524167455885
-4.0559365374384,0.010248485574200189
3.9189288455179057,0.9878169499306403
2.484279799772551,1.8764762952183265
-2.6220469144314134,-0.5233017276473723
-0.24132345715164197,2.7964810724471953
-2.196004117211429,0.3722720389983074
-1.6128355844584181,0.24182217833314207
2.390406594717337,1.8571586324061915
-0.00903405085760331,0.8048757996637643
1.7853878810038417,-0.32462063380239725
0.08593166589339551,-0.7469062507368409
3.915090768401247,-1.982186729584086
2.8307612815574186,0.3767218752839734
-2.38003485580768,-0.9297624972478251
3.603145695750028,-0.9801060024587205
-2.590283380216514,-1.247077079048331
0.6722071336446521,1.1399130615236341
2.3518108992642985,0.5062693799804342
-3.236939923504387,-0.21473742612529761
-0.4927034597708545,1.3763083241425322
2.4940571778776235,1.2952132198708086
-4.707734565209846,-1.2758697685674458
3.3629333615516614,-0.8176798821435971
3.91102779302843,-2.073927915309079
4.005180799847208,-1.690308625333659
-0.7007765479910224,1.5892392739689103
-2.401231215112525,-0.5045983701406596
-1.8916578886865865,2.305592110578131
-2.6111148795371637,-0.8515881328963745
3.6079292129164307,0.7469492826823679
-3.021728833410159,0.7552239148721199
-2.9882242837048802,0.011007593393707105
4.107596337251235,-1.8988213373210359
2.296127142506445,-0.47199882011195793
2.012433046212844,1.664318235350359
3.3077866278328543,-1.3515615740198506
0.38899149133714567,1.528438616745834
-3.2637453612730147,-0.6134283278288395
-1.3305960563886676,1.0285961717404861
0.12940233034407314,1.5300540619743477
-0.771305868326548,-0.028659210500256355
3.4399420730812573,-0.056903226273149754
0.20996163667844683,2.076909988197143
3.7581603994003014,-1.1084995915447857
-3.3803383649997136,-1.0191631898192586
2.9867894812182345,0.8007955145014527
3.3583359914056397,-0.5018640742860732
1.469624009437781,1.52950815886817
-2.872908670835011,-1.6466935377571867
-0.3250868641042639,2.8720426679836377
-2.7097670442596353,-0.7412427701549599
-1.9262642773038057,0.673055846562841
-1.4749130167272808,0.6230382889725127
-2.958348578414209,0.1687600922990078
2.4464953558681195,0.3152171793353917
2.5571533481386246,0.4002346249851637
-3.3853526395972517,-0.2306780430633938
1.7549899907841267,-0.7425334387748537
3.020656565354274,-0.08345741552381475
-2.54551734088105,-0.9781816515500881
3.004528766319699,1.3451143156147691
-4.06811110465626,-1.150683032718598
-1.2511721415342856,0.8772545847645278
-2.125020258424181,0.5306119573744482
3.74630432324898,-2.459117739347389
-4.0050208687683,-0.4576709378564118
-1.344948461053707,0.915113508208134
-2.6922872516287963,0.1010027814634081
2.315695813110364,-2.703433198817788
-3.0782422919712062,-1.044445263518904
-1.7126941230064183,0.700320947173069
2.8869820585523143,-0.014453545449797794
2.1675127223372397,1.3221674137144057
-0.19633837995860312,1.651347565336303
-0.7892802260307092,1.8071406075634195
0.38988707266281086,1.9335438525914994
-2.0485961527573715,-0.7322458390231631
2.0623877624991613,2.0964781447337284
3.889718626455452,-1.4300612059761373
-0.8079486880228489,1.9091053308652293
-3.2599784120452275,-0.23628962382466615
1.236060686039013,-0.4451174974108156
-2.2170539889720384,-0.10603126591762145
1.4693754298300759,0.5090524003027541
3.6538225611171504,-0.06478961042388617
2.9547275473803136,0.5702711224625947
-1.4004314647966885,1.1522605974748212
-3.3858732286246345,0.6732076048715873
-0.4761679437101365,-1.3940645293846678
3.195207803698766,-1.7518694972275535
2.9986641651993007,-1.2984661572562235
1.3814485483981167,2.418478276941809
2.2584736464367463,-1.5557075035986987
2.322343686573447,-1.7220248065753339
3.679070897475763,0.04238078799636344
-4.465533938675209,-0.6279054117794078
2.41039941743888,0.10766843159901349
3.3543042451402028,0.03308755229293192
1.1885120739854254,1.5872369973781195
-4.621494514263476,-0.31860041959658447
2.2703156113906977,0.5145716438936966
-3.330056642271238,0.6648686991223574
3.2022814903245793,-0.03487247111350027
2.9040121318067667,0.3937789125686034
-3.550117006028015,-0.5032386035465986
0.4912132603305127,0.9249684103604013
3.0169295253635857,-1.86059844829729
3.2723814394541018,-1.0250201488961732
-1.118120420312724,0.17198432340607117
-1.9429584420014114,-0.30183018067806033
-1.299027020088767,1.6590517724744065
2.18874769424106,2.5071386179395905
-0.4802979953793437,0.6562242968051749
-0.35161910882646746,0.13100657885185818
-2.1308011975946544,0.1852333229075276
3.621367860933415,-2.0437612946943844
-0.4935601338763266,1.513229099893822
0.8284989522729771,1.3167546081356947
3.1492154250622693,3.039703360242564
-1.8623897882450209,0.7718487709296828
3.1688124287659183,-1.4632578772342368
-3.239718563439854,-0.11129980081526283
2.9483772760187175,-1.1088797301232607
0.4381735422970215,1.9442079710583182
1.8980870821060802,-0.18446599518772053
-7.2466792507314715,2.378328310475586
-2.3862201683923008,-1.6780419366030523
0.09432455593258332,1.8796031140887486
-3.480503432020925,-1.0778454737617138
3.3199019800885066,-1.1584743323719588
-4.411257021747354,-1.1389832985241464
3.1628692724378378,-1.3907341697481965
1.7857100368990222,-0.685722379898432
2.9661066247135577,-0.8709356863773497
1.1646125760654298,2.4468443415174117
-1.9086981896057498,0.178795521972827
-2.253988471372869,-0.6316717940735163
3.545055818234109,-1.9724122156877062
1.3538036998749683,0.23394790250929387
1.880288383670537,-0.5090542647091236
-4.934450897236307,-1.5243570966128037
2.7235777852738856,-1.546902160785527
0.9559627009729942,3.1378148925342213
-2.440228022723589,0.5552458897569821
-3.732758141847962,-1.519488587773802
-1.2869530958854902,2.1306499717305716
4.226861623559689,-1.5600601262930853
-2.905867036874146,-0.034372093320771846
3.5397781613965877,0.12573990711388355
-3.082074185024233,0.3925708041270334
1.0300319095237138,2.6868802406794665
-2.4482884883640037,-1.605433536693758
-3.1483353616424092,-1.9071759182916352
2.0983760331514643,1.0391464974370286
4.091770315766783,-1.803634801381747
2.827342490595204,0.9547228503137092
2.9085677533872487,0.7918733307304027
2.5977829193115523,-0.8834138546678076
-3.5562927339329096,0.04701448792518445
-2.2727458465193693,1.1447208970596536
2.9586674952205145,-0.5521421916731686
-2.962833935785841,-2.2399279852097798
0.8886547816500192,-0.0887177788975616
-2.890124327402734,-0.37986641706846946
3.3349129659911108,-1.452279337429108
2.668062932080007,0.887386953389092
0.5266206647496642,-0.014629957434608987
4.240991401766318,-2.3193748148025635
-2.677485692428825,-0.46996155372471154
0.34430725542205726,3.399371462517165
2.311465369538793,-2.3815587737820874
0.2165021337072888,0.43312769775505666
3.414195333496189,-1.4364456247178157
-1.0959337667346973,-1.8631120212349992
-3.1309708982538895,-1.2576519704140647
1.0865484078511474,-1.5097829594159684
-3.0494852888362134,0.32303879230396837
-1.3410778179670455,0.9097215171898893
2.5931977939273203,1.3206035353336887
-2.900748274617189,-0.550916610369317
-2.7145912887711945,-0.8628082119184275
-3.1525633313900676,-0.8114121678126257
3.9595480338137308,-3.2302306671886054
3.1119537569763014,0.27963277242122403
2.9288709584648376,1.060517302785016
0.6643800375528089,3.7788868668053133
-0.09346252013484227,3.0150344686591337
-3.0021102044508288,0.06700217684340753
-4.282482761178467,-0.1991374813929646
-2.006948286701612,-1.5659684493966815
2.9814645646378546,-0.166582442256643
3.2729193326575174,-1.3400055876927834
3.760748803103356,-0.2607211269916637
3.287725072015778,1.1684744139083185
-3.6756265565789255,-1.4942085088174708
2.6120053071635945,-1.591931400724175
3.1355329986360614,-0.16134990719347403
1.965047203964399,2.074997034428523
-2.0450745697909634,-0.5773471817447187
1.6088910547824005,0.41848842746568193
-2.8663171938499388,-0.025790548603737168
-2.3354673293104393,0.17324749499140085
3.486781000612579,0.16162921591239332
-3.0318025739506287,-0.4449001717913158
1.4342608739189315,0.9620454289723815
0.13078900204189137,2.1963018756034742
-4.13902238398459,-1.013950007967261
-2.961341748889758,-1.856275880602848
2.268076643369968,-0.8202893181611193
-3.0745775746833597,-0.1562260693103174
-3.4804586370534962,-0.9750207808569565
3.8729924780482743,-2.2073936465243045
-1.1889947199978677,-0.013276370674482035
3.020531963281788,-0.1502237392930048
3.123774370773336,-1.509270469344353
3.3161675954674683,-1.7941536352709142
-2.222091635998664,0.589362664924015
-2.029301820080267,0.5295066815931081
2.0948873952920075,-0.5931212041783938
3.623581328576005,-1.241024751283744
2.136293654567738,-0.11985719042386721
0.8099322853399067,-0.27586224555962213
3.0655260030924745,-2.4374619909860424
-3.866046941866844,-1.1530780748761056
0.9790210073160741,1.5642075496168069
3.448951465122126,-1.7365169580669506
3.17827102880289,0.9303803737182129
1.0286852406612956,0.8884602940370622
-2.513662817224294,-0.3113855910697278
-0.9321959060777115,1.1980091622775495
-1.8898388648447346,0.4209073860954726
4.006555408899179,-0.5518999430936486
2.7274819353431683,0.4194659002125324
3.541840112760006,-0.04766978643068
3.744269667725355,-1.358036478390379
2.891160181667989,-1.7393259023104553
1.3721050133579178,0.5169281852467003
-3.3470323630881786,-1.1924757704977238
0.7708817305100311,0.6470916615804428
-2.334399810008589,-1.49930145609766
1.7568198112148812,-0.3332771326239997
-2.582155443586402,1.5578476906461267
-2.7303813877508825,-0.5204199469827259
-3.9283851892258608,-1.1386822108730934
-1.0073488744919885,0.18850064598076982
4.673162044055004,-2.2716178268292664
-0.8012978138073057,-0.4575312538916698
0.1599855780255971,2.3969823948026
-0.8993439280644691,2.0659201662193074
0.7913909990914042,-1.646490746335684
-1.6203230303663425,0.13161924374361528
1.455724708799758,-0.008027065250139048
3.4059032134648692,-0.7662308607682903
-0.5156204926168271,0.20397635939790587
4.009638074442437,-0.9307198140458101
2.9383542857936518,-0.3890565588422414
-3.9672386019431167,0.18292756341135646
3.2593668485640763,-2.2786326029814554
2.322795874878078,-0.9246490256275616
1.6973598120524707,0.24802588875712334
-0.5348528755865604,1.9100244449378483
1.3487134788907107,-1.2351747733918796
-3.512144455029625,-1.161650870717898
-4.33237672279435,-1.0988740771331265
-1.3359058025516788,0.010847340125425403
-4.085569390890269,-1.9210717399207415
-3.368853519050773,0.3780793325429075
3.4092790010565404,0.6482387750220299
-0.5975856748981937,2.266444993901487
0.600223846927732,-0.6160897775456
1.7359963431682353,1.4502567524268026
3.2802503394544615,-0.841360847081831
-1.4603937956554354,0.23815260457625864
3.818404172488202,-1.263219978266339
2.0379859556264845,1.3012514635066346
3.2161902597229064,-0.7042036286337555
-2.1956436631983314,-1.4326127593420788
-3.21970883758249,0.7101499199999808
-4.3236009502717545,0.4549786464584705
-4.216685145908397,-0.5781636485886813
-1.9606436582593298,-0.20747456396489689
-1.8954873441414597,-1.2096745567793872
0.21653062931885117,1.443402672230854
1.8249935162739763,0.9559259507755141
3.320854212488239,0.8708111760765594
-2.5005617906086566,-0.6670210912584007
-2.729396401494236,-1.0275698531772095
2.1396062305880807,2.175299250817852
-2.548335287357291,-0.0749676553675251
1.8719219150592963,1.665324962360763
2.5295092296508286,1.3495904898099371
-3.5059615813189837,0.4619501622141744
3.402241976556896,1.287827176010163
0.49134199368068127,-0.4441181158592691
1.6428902632539892,-0.2568091649696434
3.1776989858816664,1.2570866062089183
2.3090517935986585,0.7048816614682444
-2.3670221309907276,-1.0602468497988369
3.3475518451458326,-0.46073960191332614
2.3681144552391573,-1.4198224394209173
2.9642319954794534,2.367396479045439
-2.7654991322810942,-0.955407873990849
-3.0987856599175725,-0.7419611427502614
1.185687429429588,1.5217687466672203
-0.2783994026221931,0.4315430136315551
-1.6166925557482341,0.19989989285199844
2.8496789171451957,-0.31904516757494183
2.4735641972485145,-0.5737135071973297
3.6551696809920573,-1.30724373818351
-2.993921589449866,-0.5273012222530992
0.4725139594241656,2.2827700567193094
2.56130058403555,-0.32268610534788184
-3.1286443926971095,1.249037713811937
-2.713964409707508,-0.3547080781482237
-1.467651177699587,-0.5183635805845777
2.0064178824988024,0.7488192570653787
1.6955628091616204,2.1029674647467496
2.207769364098067,0.8789131754913616
-2.7930566725066197,0.06817483677057562
-3.3984109518403014,-0.2272401335469586
2.587082801776979,-0.2405521567070218
-0.991268390488816,-1.0128753430719828
2.061695827982519,0.8052150233738264
-1.626891756430009,-0.6120410240505596
-2.984933645096108,-0.9883852365859868
1.0112387321575322,1.5249772341733157
2.873145057541366,-0.5644010185296655
3.3570021940699863,-0.8394966751412474
2.1883767509366603,-0.2547937978478633
-3.876944677173472,-0.7775035373757597
-1.6637938446837988,-1.1249012257106985
-2.4939800274411277,1.4786439255003314
-1.5124598532717488,1.5103882002177236
-1.0993916543511377,-0.3309098503841271
-0.010484801301047925,1.8851390133736232
0.41193739766339443,1.9811311495960595
4.1624915722037965,-1.2283586567799012
2.662465301187685,-1.9573786155042971
3.8316594959222905,-0.8336370407827893
-2.2123540692440957,-1.1597038716962849
-3.6084693394006,-1.4773166012723395
0.07186533251394747,2.104282647830711
-4.0284178164936915,-1.3801334915541856
1.4346496411793028,-1.194547225033868
-3.1786086596652106,-0.27228096666893387
3.8063858584718027,-2.269353106639156
-0.32219833341476745,1.8443153501894383
2.298020325329268,0.6091573029062433
1.2910166930342357,-0.38901434912983257
-3.0585138635082756,-0.7992601574150289
-3.410029236072044,-0.6483815590851534
2.4955418399145053,0.3113014183568228
-2.3787013337656235,-1.2797686005994207
0.9654555164605924,1.1447231774242401
-0.5759403889750073,1.8599259764693783
3.5075550567945895,-1.112640587313798
1.8082369621853231,2.1883371513861896
1.8922825313082576,0.20730127236232299
-3.3763954000164604,-0.20424319682541514
-1.1249635106122904,-0.7505168148236177
0.4834294616974672,2.3689780788070167
2.594841045929799,0.614604309675388
-3.0114186726789454,-0.9266952393565985
2.878876529653366,0.37202277026935515
3.612472797474097,-1.1542244751220494
-3.670113399712168,-1.4609767047745477
-1.5482738414566237,-0.20575229523921273
-4.583513523921267,-0.5713172504789436
-2.0837094863401004,0.9823673644584711
2.4463359664906017,1.1791350262033444
-3.1315998905634466,0.4564067954249732
2.2915374257442425,-1.2922185746760357
1.7063169561957214,1.524435513480464
-4.779773190191443,-0.5653790341590943
1.6837405436306274,-0.9260079679493479
-3.486340921410133,-4.205438694959132
-2.8376341649532506,-0.4657125920901633
0.2658823423386011,0.5415625055700022
-0.6167356341118833,1.4721046465336332
0.08594227032282281,-0.9947317379191691
-1.5329780400944573,1.5550674246052174
-4.052231585552665,-1.1326191749812415
-2.866867813110703,0.08253768473244238
-1.7108242072002677,1.137955680867834
-2.0457865824192254,-0.870253404659718
1.2355801843249155,2.5685850597648563
2.90273891510321,-0.2104952832744144
-3.836965499546155,-0.11569782860453556
-2.0159136704835907,1.4079984454226055
0.2724266555622314,0.8255776439220748
-2.529377845506319,-0.11105794031647351
-3.0569261020312983,0.6687759846194531
2.976149167347195,-0.3918024912923539
-2.1225659467840132,0.3525412230262854
-2.386243589205571,-0.6296985615314232
-0.5988087695236336,1.2674583266798884
-2.960995319815778,-1.559589724899077
1.3221162510617146,1.2990822047068669
0.6826241649487641,-0.8346687327577605
3.0986806854769973,1.3110927051608456
0.06836706650786832,-0.3730283401102942
1.029973554703283,1.6880645784073036
3.998481630177906,-0.5822710045786526
-4.0891394095704054,-1.3317910966625495
-2.5349713960741274,0.30363943056011816
1.7750502026142991,-2.2190259248401185
3.6846983337498793,-2.322020884762337
-2.7178068499595884,-1.1520730616008863
0.6832663997841183,0.6800612548555093
1.8976974302968852,1.1242725686255892
3.0522663742307765,-0.2902287395500065
2.684573193924142,0.7599779471197885
0.6116027188124687,1.9711003788580448
3.8504654982524245,-1.4034957674327497
3.6167805955108325,-1.2673865812534166
0.9006947228109238,0.7970692119361438
-2.9087923817881096,0.745420791196539
-1.128210212200096,2.6384514363895812
-2.0057545669707575,-0.737678691386432
-3.187393403714839,-0.6869117800041423
2.94416968066462,1.454475119327022
2.455686422453541,-0.04860162470638084
3.6864162076069915,-0.8818883202229829
2.4503905324036,-0.04029430064837526
-2.3753362501728463,-1.3741368856359086
3.798159939469278,-1.5500809035069754
-2.8274266843992164,-0.42455296482709926
-4.156254789784768,-1.2992609499447632
4.08988377360959,-0.641433194298881
3.2100412703079146,1.0204473143880222
-3.771552448279979,1.4956360423175812
-1.2039412742477498,-0.5505811091866407
0.9972761641077755,0.7532638391577173
-0.08509344451614462,2.8339988196445365
-2.975735882899234,1.2826092992112414
-2.1514062272698595,-1.0738887983333214
2.180688040065897,1.2558706151860735
3.3212338512787816,-0.7442616354788474
-2.067821533332205,2.448804167184236
2.343182595155858,0.7298807482646748
-3.1488451687888617,1.6334047939536958
-3.2908804491573513,-0.9878297516895176
-3.0528957239337595,0.0889933164840146
0.6340052003106099,2.627086248455218
3.2601215388260547,-1.4267295274479155
-3.1144770321368194,0.5097634870926685
3.1353730816292384,-2.2366198765152627
-5.351615311748399,-1.6525209919930344
-3.9275219826566574,-0.3910684584255462
0.42717277174080526,0.9007778596918391
1.3869943350481928,0.056843314696808284
-3.055551157772902,0.09849335907850701
-2.47889184388275,0.549810396913414
0.8522668066213174,1.3477800236187116
0.9754802812345734,2.6794042597733956
0.5852814695364511,1.9589404048810635
-0.9471432523458512,-4.492060124390478
-3.1194581791896026,-0.32822387490772104
-2.8304627439739805,0.3047779594738602
1.6373742180121258,1.204886628459127
-3.7072779116664085,-2.4432405364245855
-1.0800312288786513,0.23886743687124995
2.6351869419789513,0.5080624312555717
1.8422159400547868,-0.7992043901232364
3.0069864073085424,0.2846491772047905
-1.129989911152084,1.510044874287459
